USE QLPHONGKHAMNHAKHOA
GO

INSERT INTO Account (account_id, username, password, account_status)
VALUES
--('PA001', 'patient1', '123456', 1)
--('PA002', 'patient2', '123456', 1),
--('PA003', 'patient3', '123456', 1),
--('PA004', 'patient4', '123456', 1),
--('PA005', 'patient5', '123456', 1),
--('AD001', 'admin1', '123456', 1),
--('AD002', 'admin2', '123456', 1),
--('ST001', 'staff1', '123456', 1),
--('ST002', 'staff2', '123456', 1),
--('ST003', 'staff3', '123456', 1),
--('00012', 'dentist1', '123456', 1),
--('00013', 'dentist2', '123456', 1),
--('PA006', 'patient6', '123456', 1),
--('PA007', 'patient7', '123456', 1),
--('PA008', 'patient8', '123456', 1),
--('PA009', 'patient9', '123456', 1),
--('PA010', 'patient10', '123456', 1),
--('AD003', 'admin3', '123456', 1),
--('ST004', 'staff4', '123456', 1),
--('ST005', 'staff5', '123456', 1),
--('00014', 'dentist3', '123456', 1),
--('00015', 'dentist4', '123456', 1),
--('PA011', 'patient11', '123456', 1),
--('PA012', 'patient12', '123456', 1),
--('PA013', 'patient13', '123456', 1),
--('PA014', 'patient14', '123456', 1),
--('PA015', 'patient15', '123456', 1),
--('AD004', 'admin4', '123456', 1),
--('ST006', 'staff6', '123456', 1),
--('ST007', 'staff7', '123456', 1),
--('00016', 'dentist5', '123456', 1),
--('00017', 'dentist6', '123456', 1),
--('PA016', 'patient16', '123456', 1),
--('PA017', 'patient17', '123456', 1),
--('PA018', 'patient18', '123456', 1),
--('PA019', 'patient19', '123456', 1),
--('PA020', 'patient20', '123456', 1);

('00001', 'admin1', '123456', 1),
('00002', 'admin2', '123456', 1),
('00003', 'admin3', '123456', 1),
('00004', 'admin4', '123456', 1),
-- Staffs
('00005', 'staff1', '123456', 1),
('00006', 'staff2', '123456', 1),
('00007', 'staff3', '123456', 1),
('00008', 'staff4', '123456', 1),
('00009', 'staff5', '123456', 1),
('00010', 'staff6', '123456', 1),
('00011', 'staff7', '123456', 1),
-- Dentists
('00012', 'dentist1', '123456', 1),
('00013', 'dentist2', '123456', 1),
('00014', 'dentist3', '123456', 1),
('00015', 'dentist4', '123456', 1),
('00016', 'dentist5', '123456', 1),
('00017', 'dentist6', '123456', 1),
-- Patients
('00018', '0123456789', '123456', 1),
('00019', '0987654321', '123456', 1),
('00020', '0123456780', '123456', 1),
('00021', '0987654320', '123456', 1),
('00022', '0123456779', '123456', 1),
('00023', '0987654319', '123456', 1),
('00024', '0123456778', '123456', 1),
('00025', '0987654318', '123456', 1),
('00026', '0123456777', '123456', 1),
('00027', '0987654317', '123456', 1),
('00028', '0123456776', '123456', 1),
('00029', '0987654316', '123456', 1),
('00030', '0123456775', '123456', 1),
('00031', '0987654315', '123456', 1),
('00032', '0123456774', '123456', 1),
('00033', '0987654314', '123456', 1),
('00034', '0123456773', '123456', 1),
('00035', '0987654313', '123456', 1),
('00036', '0123456772', '123456', 1),
('00037', '0987654312', '123456', 1);


INSERT INTO Person (person_id, person_name, person_phone, person_birthday, person_address, person_gender, person_type, account_id)
Values 
('00012', N'Nguyễn Văn An', '0123456789', '1980-10-01', N'Số 12, Phố Lê Văn Lương, Hà Nội', N'Nam', 'DE', '00012'),
('00013', N'Trần Thị Bích', '0223456789', '1982-05-06', N'Số 15, Phố Nguyễn Trãi, Hà Nội', N'Nữ', 'DE', '00013'),
('00014', N'Lê Văn Cường',  '0123456789','1979-12-24', N'Số 20, Phố Trần Quang Khải, Hà Nội', N'Nam', 'DE', '00014'),
('00015', N'Đỗ Thị Dũng', '0123456788', '1981-03-18', N'Số 25, Phố Hai Bà Trưng, Hà Nội', N'Nữ', 'DE', '00015'),
('00016', N'Nguyễn Văn Duy', '0123456787','1983-09-11', N'Số 30, Phố Bà Triệu, Hà Nội', N'Nam', 'DE', '00016'),
('00017', N'Trần Thị Hương', '0123456786', '1984-07-04', N'Số 35, Phố Phan Đình Phùng, Hà Nội', N'Nữ', 'DE', '00017'),
('00001', N'Nguyễn Văn Bình', '0123456785', '1985-01-22', N'Số 40, Phố Bà Triệu, Hà Nội', N'Nam', 'AD', '00001'),
('00002', N'Trần Thị Hoa', '0123456784', '1986-08-15', N'Số 45, Phố Phan Đình Phùng, Hà Nội', N'Nữ', 'AD', '00002'),
('00003', N'Lê Văn Long', '0123456783', '1987-04-09', N'Số 50, Phố Hai Bà Trưng, Hà Nội', N'Nam', 'AD', '00003'),
('00004', N'Đỗ Thị Mây', '0123456782', '1988-10-03', N'Số 55, Phố Nguyễn Trãi, Hà Nội', N'Nữ', 'AD', '00004'),
('00005', N'Nguyễn Văn Năm', '0123456781', '1989-06-17', N'Số 60, Phố Lê Văn Lương, Hà Nội', N'Nam', 'ST', '00005'),
('00006', N'Trần Thị Oanh', '0123456780', '1990-02-12', N'Số 65, Phố Trần Quang Khải, Hà Nội', N'Nữ', 'ST', '00006'),
('00007', N'Lê Văn Phúc', '0123456719', '1991-09-07', N'Số 70, Phố Hai Bà Trưng, Hà Nội', N'Nam', 'ST', '00007'),
('00008', N'Đỗ Thị Quỳnh', '0123456729', '1992-05-21', N'Số 75, Phố Bà Triệu, Hà Nội', N'Nữ', 'ST', '00008'),
('00009', N'Nguyễn Văn Sỹ', '0123456739', '1993-11-14', N'Số 80, Phố Phan Đình Phùng, Hà Nội', N'Nam', 'ST', '00009'),
('00010', N'Trần Thị Thảo', '0123456749', '1994-07-09', N'Số 85, Phố Nguyễn Trãi, Hà Nội', N'Nữ', 'ST', '00010'),
('00011', N'Lê Văn Tùng', '0123456759', '1995-03-23', N'Số 90, Phố Lê Văn Lương, Hà Nội', N'Nam', 'ST', '00011'),
('00018', N'Nguyễn Văn Nam', '0123456789', '1990-06-16', N'Số 60, Phố Lê Văn Lương, Hà Nội', N'Nam', 'PA', '00018'),
('00019', N'Trần Thị Phượng', '0987654321', '1991-12-21', N'Số 65, Phố Nguyễn Trãi, Hà Nội', N'Nữ', 'PA', '00019'),
('00020', N'Lê Văn Quốc', '0123456780', '1992-08-07', N'Số 70, Phố Trần Quang Khải, Hà Nội', N'Nam', 'PA', '00020'),
('00021', N'Đỗ Thị Thúy', '0987654320', '1993-04-11', N'Số 75, Phố Hai Bà Trưng, Hà Nội', N'Nữ', 'PA', '00021'),
('00022', N'Nguyễn Văn Trường', '0123456779', '1994-10-05', N'Số 80, Phố Bà Triệu, Hà Nội', N'Nam', 'PA', '00022'),
('00023', N'Trần Thị Vân', '0987654319', '1995-05-29', N'Số 85, Phố Phan Đình Phùng, Hà Nội', N'Nữ', 'PA', '00023'),
('00024', N'Lê Văn An', '0123456778', '1996-11-23', N'Số 90, Phố Lê Văn Lương, Hà Nội', N'Nam', 'PA', '00024'),
('00025', N'Đỗ Thị Bích', '0987654318', '1997-07-17', N'Số 95, Phố Nguyễn Trãi, Hà Nội', N'Nữ', 'PA', '00025'),
('00026', N'Nguyễn Văn Cường', '0123456777', '1998-03-13', N'Số 100, Phố Trần Quang Khải, Hà Nội', N'Nam', 'PA', '00026'),
('00027', N'Trần Thị Dũng', '0987654317', '1999-09-07', N'Số 105, Phố Hai Bà Trưng, Hà Nội', N'Nữ', 'PA', '00027'),
('00028', N'Nguyễn Văn Duy', '0123456776', '2000-05-02', N'Số 110, Phố Bà Triệu, Hà Nội', N'Nam', 'PA', '00028'),
('00029', N'Trần Thị Hương', '0987654316', '2001-10-26', N'Số 115, Phố Phan Đình Phùng, Hà Nội', N'Nữ', 'PA', '00029'),
('00030', N'Lê Văn Bình', '0123456775', '2002-06-20', N'Số 120, Phố Lê Văn Lương, Hà Nội', N'Nam', 'PA', '00030'),
('00031', N'Đỗ Thị Hoa', '0987654315', '2003-12-15', N'Số 125, Phố Nguyễn Trãi, Hà Nội', N'Nữ', 'PA', '00031'),
('00032', N'Nguyễn Văn Long', '0123456774', '2004-08-09', N'Số 130, Phố Trần Quang Khải, Hà Nội', N'Nam', 'PA', '00032'),
('00033', N'Nguyễn Văn Nam', '0987654314', '1990-06-12', N'Số 60, Phố Lê Văn Lương, Hà Nội', N'Nam', 'PA', '00033'),
('00034', N'Trần Thị Oanh', '0123456773', '1991-12-20', N'Số 65, Phố Nguyễn Trãi, Hà Nội', N'Nữ', 'PA', '00034'),
('00035', N'Lê Văn Phong', '0987654313', '1992-08-14', N'Số 70, Phố Trần Quang Khải, Hà Nội', N'Nam', 'PA', '00035'),
('00036', N'Đỗ Thị Quỳnh', '0123456772', '1993-03-07', N'Số 75, Phố Hai Bà Trưng, Hà Nội', N'Nữ', 'PA', '00036'),
('00037', N'Nguyễn Văn Sơn', '0987654312', '1994-09-29', N'Số 80, Phố Bà Triệu, Hà Nội', N'Nam', 'PA', '00037');

INSERT INTO Patient (patient_id)
VALUES
    ('00018'),
    ('00019'),
    ('00020'),
    ('00021'),
    ('00022'),
    ('00023'),
    ('00024'),
    ('00025'),
    ('00026'),
    ('00027'),
    ('00028'),
    ('00029'),
    ('00030'),
    ('00031'),
    ('00032'),
    ('00033'),
    ('00034'),
    ('00035'),
    ('00036'),
    ('00037');

INSERT INTO Dentist (dentist_id)
VALUES
('00012'),
('00013'),
('00014'),
('00015'),
('00016'),
('00017');

INSERT INTO Drug (drug_id, unit, drug_name, indication, expiration_date, price, drug_stock_quantity)
VALUES
('DR001', N'viên', N'Paracetamol', N'Giảm đau, hạ sốt', '2024-07-20', 10000, 100),
('DR002', N'viên', N'Ibuprofen', N'Giảm đau, viêm', '2024-08-20', 20000, 200),
('DR003', N'viên', N'Amoxicillin', N'Điều trị nhiễm trùng răng miệng', '2024-09-20', 30000, 300),
('DR004', N'viên', N'Metronidazole', N'Điều trị nhiễm trùng răng miệng do vi khuẩn kỵ khí', '2024-10-20', 40000, 400),
('DR005', N'viên', N'Fluconazole', N'Điều trị nhiễm trùng răng miệng do nấm', '2024-11-20', 50000, 500),
('DR006', N'ml', N'Benzocaine', N'Gây tê tại chỗ', '2024-12-20', 60000, 600),
('DR007', N'ml', N'Lidocain', N'Gây tê tại chỗ', '2025-01-20', 70000, 700),
('DR008', N'ml', N'Xylocain', N'Gây tê tại chỗ', '2025-02-20', 80000, 800),
('DR009', N'ml', N'Hyaluronic Acid', N'Dưỡng ẩm nướu răng', '2025-03-20', 90000, 900),
('DR010', N'ml', N'Fluoride', N'Chống sâu răng', '2025-04-20', 100000, 1000),
('DR011', N'ml', N'Canxi', N'Củng cố men răng', '2025-05-20', 110000, 1100),
('DR012', N'ml', N'Vitamin D3', N'Hỗ trợ hấp thụ canxi', '2025-06-20', 120000, 1200),
('DR013', N'viên', N'Thuốc xịt chống sâu răng', N'Chống sâu răng', '2025-07-20', 130000, 1300),
('DR014', N'viên', N'Thuốc súc miệng', N'Vệ sinh răng miệng', '2025-08-20', 140000, 1400),
('DR015', N'viên', N'Thuốc đánh răng', N'Vệ sinh răng miệng', '2025-09-20', 150000, 1500),
('DR016', N'viên', N'Dây thun nha khoa', N'Loại bỏ mảng bám', '2025-10-20', 160000, 1600);


INSERT INTO Service (service_id, service_name, cost)
VALUES
('SV001', N'Khám răng tổng quát', 100000),
('SV002', N'Lấy cao răng', 50000),
('SV003', N'Điều trị tủy răng', 200000),
('SV004', N'Nhổ răng', 100000),
('SV005', N'Gắn cầu răng sứ', 5000000),
('SV006', N'Bọc răng sứ', 2000000),
('SV007', N'Veneer răng sứ', 1000000),
('SV008', N'Tẩy trắng răng', 500000),
('SV009', N'Niềng răng mắc cài kim loại', 20000000),
('SV010', N'Niềng răng mắc cài sứ', 30000000),
('SV011', N'Niềng răng trong suốt', 40000000),
('SV012', N'Trồng răng implant', 10000000),
('SV013', N'Chỉnh nha trẻ em', 15000000),
('SV014', N'Chăm sóc răng miệng định kỳ', 50000),
('SV015', N'X-quang răng', 100000),
('SV016', N'Chụp phim răng kỹ thuật số', 200000),
('SV017', N'Chụp phim CT Cone Beam', 1000000),
('SV018', N'Làm răng giả tháo lắp', 1000000),
('SV019', N'Làm răng giả cố định', 2000000);

INSERT INTO PersonalAppointment(personal_appointment_id, personal_appointment_start_time, personal_appointment_end_time, personal_appointment_date, dentist_id)
VALUES
('00001', '09:00:00', '19:00:00', '2023-11-28', '00012'),
('00002', '09:00:00', '19:00:00', '2023-11-29', '00012'),
('00003', '09:00:00', '19:00:00', '2023-11-30', '00012'),
('00004', '09:00:00', '19:00:00', '2023-12-01', '00012'),
('00005', '09:00:00', '19:00:00', '2023-12-02', '00012'),
('00006', '09:00:00', '19:00:00', '2023-12-03', '00012'),
('00007', '09:00:00', '19:00:00', '2023-12-04', '00012'),
('00008', '09:00:00', '19:00:00', '2023-12-05', '00012'),
('00009', '09:00:00', '19:00:00', '2023-12-06', '00012'),
('00010', '09:00:00', '19:00:00', '2023-12-07', '00012'),
('00011', '09:00:00', '19:00:00', '2023-12-08', '00012'),
('00012', '09:00:00', '19:00:00', '2023-12-09', '00012'),
('00013', '09:00:00', '19:00:00', '2023-12-10', '00012'),
('00014', '09:00:00', '19:00:00', '2023-12-11', '00012'),
('00015', '09:00:00', '19:00:00', '2023-12-12', '00012'),
('00016', '09:00:00', '19:00:00', '2023-12-13', '00012'),
('00017', '09:00:00', '19:00:00', '2023-12-14', '00012'),
('00018', '09:00:00', '19:00:00', '2023-12-15', '00012'),
('00019', '09:00:00', '19:00:00', '2023-12-16', '00012'),
('00020', '09:00:00', '19:00:00', '2023-12-17', '00012'),
('00021', '09:00:00', '19:00:00', '2023-12-18', '00012'),
('00022', '09:00:00', '19:00:00', '2023-12-19', '00012'),
('00023', '09:00:00', '19:00:00', '2023-12-20', '00012'),
('00024', '09:00:00', '19:00:00', '2023-12-21', '00012'),
('00025', '09:00:00', '19:00:00', '2023-12-22', '00012'),
('00026', '09:00:00', '19:00:00', '2023-12-23', '00012'),
('00027', '09:00:00', '19:00:00', '2023-12-24', '00012'),
('00028', '09:00:00', '19:00:00', '2023-12-25', '00012'),
('00029', '09:00:00', '19:00:00', '2023-12-26', '00012'),
('00030', '09:00:00', '19:00:00', '2023-12-27', '00012'),
('00031', '09:00:00', '19:00:00', '2023-12-28', '00012'),
('00032', '09:00:00', '19:00:00', '2023-12-29', '00012'),
('00033', '09:00:00', '19:00:00', '2023-12-30', '00012'),
('00034', '09:00:00', '19:00:00', '2023-12-31', '00012'),
('00035', '09:00:00', '19:00:00', '2024-01-01', '00012'),
('00036', '09:00:00', '19:00:00', '2024-01-02', '00012'),
('00037', '09:00:00', '19:00:00', '2024-01-03', '00012'),
('00038', '09:00:00', '19:00:00', '2024-01-04', '00012'),
('00039', '09:00:00', '19:00:00', '2024-01-05', '00012'),
('00040', '09:00:00', '19:00:00', '2024-01-06', '00012'),
('00041', '09:00:00', '19:00:00', '2024-01-07', '00012'),
('00042', '09:00:00', '19:00:00', '2024-01-08', '00012'),
('00043', '09:00:00', '19:00:00', '2024-01-09', '00012'),
('00044', '09:00:00', '19:00:00', '2024-01-10', '00012'),
('00045', '09:00:00', '19:00:00', '2024-01-11', '00012'),
('00046', '09:00:00', '19:00:00', '2023-11-28', '00013'),
('00047', '09:00:00', '19:00:00', '2023-11-29', '00013'),
('00048', '09:00:00', '19:00:00', '2023-11-30', '00013'),
('00049', '09:00:00', '19:00:00', '2023-12-01', '00013'),
('00050', '09:00:00', '19:00:00', '2023-12-02', '00013'),
('00051', '09:00:00', '19:00:00', '2023-12-03', '00013'),
('00052', '09:00:00', '19:00:00', '2023-12-04', '00013'),
('00053', '09:00:00', '19:00:00', '2023-12-05', '00013'),
('00054', '09:00:00', '19:00:00', '2023-12-06', '00013'),
('00055', '09:00:00', '19:00:00', '2023-12-07', '00013'),
('00056', '09:00:00', '19:00:00', '2023-12-08', '00013'),
('00057', '09:00:00', '19:00:00', '2023-12-09', '00013'),
('00058', '09:00:00', '19:00:00', '2023-12-10', '00013'),
('00059', '09:00:00', '19:00:00', '2023-12-11', '00013'),
('00060', '09:00:00', '19:00:00', '2023-12-12', '00013'),
('00061', '09:00:00', '19:00:00', '2023-12-13', '00013'),
('00062', '09:00:00', '19:00:00', '2023-12-14', '00013'),
('00063', '09:00:00', '19:00:00', '2023-12-15', '00013'),
('00064', '09:00:00', '19:00:00', '2023-12-16', '00013'),
('00065', '09:00:00', '19:00:00', '2023-12-17', '00013'),
('00066', '09:00:00', '19:00:00', '2023-12-18', '00013'),
('00067', '09:00:00', '19:00:00', '2023-12-19', '00013'),
('00068', '09:00:00', '19:00:00', '2023-12-20', '00013'),
('00069', '09:00:00', '19:00:00', '2023-12-21', '00013'),
('00070', '09:00:00', '19:00:00', '2023-12-22', '00013'),
('00071', '09:00:00', '19:00:00', '2023-12-23', '00013'),
('00072', '09:00:00', '19:00:00', '2023-12-24', '00013'),
('00073', '09:00:00', '19:00:00', '2023-12-25', '00013'),
('00074', '09:00:00', '19:00:00', '2023-12-26', '00013'),
('00075', '09:00:00', '19:00:00', '2023-12-27', '00013'),
('00076', '09:00:00', '19:00:00', '2023-12-28', '00013'),
('00077', '09:00:00', '19:00:00', '2023-12-29', '00013'),
('00078', '09:00:00', '19:00:00', '2023-12-30', '00013'),
('00079', '09:00:00', '19:00:00', '2023-12-31', '00013'),
('00080', '09:00:00', '19:00:00', '2024-01-01', '00013'),
('00081', '09:00:00', '19:00:00', '2024-01-02', '00013'),
('00082', '09:00:00', '19:00:00', '2024-01-03', '00013'),
('00083', '09:00:00', '19:00:00', '2024-01-04', '00013'),
('00084', '09:00:00', '19:00:00', '2024-01-05', '00013'),
('00085', '09:00:00', '19:00:00', '2024-01-06', '00013'),
('00086', '09:00:00', '19:00:00', '2024-01-07', '00013'),
('00087', '09:00:00', '19:00:00', '2024-01-08', '00013'),
('00088', '09:00:00', '19:00:00', '2024-01-09', '00013'),
('00089', '09:00:00', '19:00:00', '2024-01-10', '00013'),
('00090', '09:00:00', '19:00:00', '2024-01-11', '00013'),
('00091', '09:00:00', '19:00:00', '2023-11-28', '00014'),
('00092', '09:00:00', '19:00:00', '2023-11-29', '00014'),
('00093', '09:00:00', '19:00:00', '2023-11-30', '00014'),
('00094', '09:00:00', '19:00:00', '2023-12-01', '00014'),
('00095', '09:00:00', '19:00:00', '2023-12-02', '00014'),
('00096', '09:00:00', '19:00:00', '2023-12-03', '00014'),
('00097', '09:00:00', '19:00:00', '2023-12-04', '00014'),
('00098', '09:00:00', '19:00:00', '2023-12-05', '00014'),
('00099', '09:00:00', '19:00:00', '2023-12-06', '00014'),
('00100', '09:00:00', '19:00:00', '2023-12-07', '00014'),
('00101', '09:00:00', '19:00:00', '2023-12-08', '00014'),
('00102', '09:00:00', '19:00:00', '2023-12-09', '00014'),
('00103', '09:00:00', '19:00:00', '2023-12-10', '00014'),
('00104', '09:00:00', '19:00:00', '2023-12-11', '00014'),
('00105', '09:00:00', '19:00:00', '2023-12-12', '00014'),
('00106', '09:00:00', '19:00:00', '2023-12-13', '00014'),
('00107', '09:00:00', '19:00:00', '2023-12-14', '00014'),
('00108', '09:00:00', '19:00:00', '2023-12-15', '00014'),
('00109', '09:00:00', '19:00:00', '2023-12-16', '00014'),
('00110', '09:00:00', '19:00:00', '2023-12-17', '00014'),
('00111', '09:00:00', '19:00:00', '2023-12-18', '00014'),
('00112', '09:00:00', '19:00:00', '2023-12-19', '00014'),
('00113', '09:00:00', '19:00:00', '2023-12-20', '00014'),
('00114', '09:00:00', '19:00:00', '2023-12-21', '00014'),
('00115', '09:00:00', '19:00:00', '2023-12-22', '00014'),
('00116', '09:00:00', '19:00:00', '2023-12-23', '00014'),
('00117', '09:00:00', '19:00:00', '2023-12-24', '00014'),
('00118', '09:00:00', '19:00:00', '2023-12-25', '00014'),
('00119', '09:00:00', '19:00:00', '2023-12-26', '00014'),
('00120', '09:00:00', '19:00:00', '2023-12-27', '00014'),
('00121', '09:00:00', '19:00:00', '2023-12-28', '00014'),
('00122', '09:00:00', '19:00:00', '2023-12-29', '00014'),
('00123', '09:00:00', '19:00:00', '2023-12-30', '00014'),
('00124', '09:00:00', '19:00:00', '2023-12-31', '00014'),
('00125', '09:00:00', '19:00:00', '2024-01-01', '00014'),
('00126', '09:00:00', '19:00:00', '2024-01-02', '00014'),
('00127', '09:00:00', '19:00:00', '2024-01-03', '00014'),
('00128', '09:00:00', '19:00:00', '2024-01-04', '00014'),
('00129', '09:00:00', '19:00:00', '2024-01-05', '00014'),
('00130', '09:00:00', '19:00:00', '2024-01-06', '00014'),
('00131', '09:00:00', '19:00:00', '2024-01-07', '00014'),
('00132', '09:00:00', '19:00:00', '2024-01-08', '00014'),
('00133', '09:00:00', '19:00:00', '2024-01-09', '00014'),
('00134', '09:00:00', '19:00:00', '2024-01-10', '00014'),
('00135', '09:00:00', '19:00:00', '2024-01-11', '00014'),
('00136', '09:00:00', '19:00:00', '2023-11-28', '00015'),
('00137', '09:00:00', '19:00:00', '2023-11-29', '00015'),
('00138', '09:00:00', '19:00:00', '2023-11-30', '00015'),
('00139', '09:00:00', '19:00:00', '2023-12-01', '00015'),
('00140', '09:00:00', '19:00:00', '2023-12-02', '00015'),
('00141', '09:00:00', '19:00:00', '2023-12-03', '00015'),
('00142', '09:00:00', '19:00:00', '2023-12-04', '00015'),
('00143', '09:00:00', '19:00:00', '2023-12-05', '00015'),
('00144', '09:00:00', '19:00:00', '2023-12-06', '00015'),
('00145', '09:00:00', '19:00:00', '2023-12-07', '00015'),
('00146', '09:00:00', '19:00:00', '2023-12-08', '00015'),
('00147', '09:00:00', '19:00:00', '2023-12-09', '00015'),
('00148', '09:00:00', '19:00:00', '2023-12-10', '00015'),
('00149', '09:00:00', '19:00:00', '2023-12-11', '00015'),
('00150', '09:00:00', '19:00:00', '2023-12-12', '00015'),
('00151', '09:00:00', '19:00:00', '2023-12-13', '00015'),
('00152', '09:00:00', '19:00:00', '2023-12-14', '00015'),
('00153', '09:00:00', '19:00:00', '2023-12-15', '00015'),
('00154', '09:00:00', '19:00:00', '2023-12-16', '00015'),
('00155', '09:00:00', '19:00:00', '2023-12-17', '00015'),
('00156', '09:00:00', '19:00:00', '2023-12-18', '00015'),
('00157', '09:00:00', '19:00:00', '2023-12-19', '00015'),
('00158', '09:00:00', '19:00:00', '2023-12-20', '00015'),
('00159', '09:00:00', '19:00:00', '2023-12-21', '00015'),
('00160', '09:00:00', '19:00:00', '2023-12-22', '00015'),
('00161', '09:00:00', '19:00:00', '2023-12-23', '00015'),
('00162', '09:00:00', '19:00:00', '2023-12-24', '00015'),
('00163', '09:00:00', '19:00:00', '2023-12-25', '00015'),
('00164', '09:00:00', '19:00:00', '2023-12-26', '00015'),
('00165', '09:00:00', '19:00:00', '2023-12-27', '00015'),
('00166', '09:00:00', '19:00:00', '2023-12-28', '00015'),
('00167', '09:00:00', '19:00:00', '2023-12-29', '00015'),
('00168', '09:00:00', '19:00:00', '2023-12-30', '00015'),
('00169', '09:00:00', '19:00:00', '2023-12-31', '00015'),
('00170', '09:00:00', '19:00:00', '2024-01-01', '00015'),
('00171', '09:00:00', '19:00:00', '2024-01-02', '00015'),
('00172', '09:00:00', '19:00:00', '2024-01-03', '00015'),
('00173', '09:00:00', '19:00:00', '2024-01-04', '00015'),
('00174', '09:00:00', '19:00:00', '2024-01-05', '00015'),
('00175', '09:00:00', '19:00:00', '2024-01-06', '00015'),
('00176', '09:00:00', '19:00:00', '2024-01-07', '00015'),
('00177', '09:00:00', '19:00:00', '2024-01-08', '00015'),
('00178', '09:00:00', '19:00:00', '2024-01-09', '00015'),
('00179', '09:00:00', '19:00:00', '2024-01-10', '00015'),
('00180', '09:00:00', '19:00:00', '2024-01-11', '00015'),
('00181', '09:00:00', '19:00:00', '2023-11-28', '00016'),
('00182', '09:00:00', '19:00:00', '2023-11-29', '00016'),
('00183', '09:00:00', '19:00:00', '2023-11-30', '00016'),
('00184', '09:00:00', '19:00:00', '2023-12-01', '00016'),
('00185', '09:00:00', '19:00:00', '2023-12-02', '00016'),
('00186', '09:00:00', '19:00:00', '2023-12-03', '00016'),
('00187', '09:00:00', '19:00:00', '2023-12-04', '00016'),
('00188', '09:00:00', '19:00:00', '2023-12-05', '00016'),
('00189', '09:00:00', '19:00:00', '2023-12-06', '00016'),
('00190', '09:00:00', '19:00:00', '2023-12-07', '00016'),
('00191', '09:00:00', '19:00:00', '2023-12-08', '00016'),
('00192', '09:00:00', '19:00:00', '2023-12-09', '00016'),
('00193', '09:00:00', '19:00:00', '2023-12-10', '00016'),
('00194', '09:00:00', '19:00:00', '2023-12-11', '00016'),
('00195', '09:00:00', '19:00:00', '2023-12-12', '00016'),
('00196', '09:00:00', '19:00:00', '2023-12-13', '00016'),
('00197', '09:00:00', '19:00:00', '2023-12-14', '00016'),
('00198', '09:00:00', '19:00:00', '2023-12-15', '00016'),
('00199', '09:00:00', '19:00:00', '2023-12-16', '00016'),
('00200', '09:00:00', '19:00:00', '2023-12-17', '00016'),
('00201', '09:00:00', '19:00:00', '2023-12-18', '00016'),
('00202', '09:00:00', '19:00:00', '2023-12-19', '00016'),
('00203', '09:00:00', '19:00:00', '2023-12-20', '00016'),
('00204', '09:00:00', '19:00:00', '2023-12-21', '00016'),
('00205', '09:00:00', '19:00:00', '2023-12-22', '00016'),
('00206', '09:00:00', '19:00:00', '2023-12-23', '00016'),
('00207', '09:00:00', '19:00:00', '2023-12-24', '00016'),
('00208', '09:00:00', '19:00:00', '2023-12-25', '00016'),
('00209', '09:00:00', '19:00:00', '2023-12-26', '00016'),
('00210', '09:00:00', '19:00:00', '2023-12-27', '00016'),
('00211', '09:00:00', '19:00:00', '2023-12-28', '00016'),
('00212', '09:00:00', '19:00:00', '2023-12-29', '00016'),
('00213', '09:00:00', '19:00:00', '2023-12-30', '00016'),
('00214', '09:00:00', '19:00:00', '2023-12-31', '00016'),
('00215', '09:00:00', '19:00:00', '2024-01-01', '00016'),
('00216', '09:00:00', '19:00:00', '2024-01-02', '00016'),
('00217', '09:00:00', '19:00:00', '2024-01-03', '00016'),
('00218', '09:00:00', '19:00:00', '2024-01-04', '00016'),
('00219', '09:00:00', '19:00:00', '2024-01-05', '00016'),
('00220', '09:00:00', '19:00:00', '2024-01-06', '00016'),
('00221', '09:00:00', '19:00:00', '2024-01-07', '00016'),
('00222', '09:00:00', '19:00:00', '2024-01-08', '00016'),
('00223', '09:00:00', '19:00:00', '2024-01-09', '00016'),
('00224', '09:00:00', '19:00:00', '2024-01-10', '00016'),
('00225', '09:00:00', '19:00:00', '2024-01-11', '00016'),
('00226', '09:00:00', '19:00:00', '2023-11-28', '00017'),
('00227', '09:00:00', '19:00:00', '2023-11-29', '00017'),
('00228', '09:00:00', '19:00:00', '2023-11-30', '00017'),
('00229', '09:00:00', '19:00:00', '2023-12-01', '00017'),
('00230', '09:00:00', '19:00:00', '2023-12-02', '00017'),
('00231', '09:00:00', '19:00:00', '2023-12-03', '00017'),
('00232', '09:00:00', '19:00:00', '2023-12-04', '00017'),
('00233', '09:00:00', '19:00:00', '2023-12-05', '00017'),
('00234', '09:00:00', '19:00:00', '2023-12-06', '00017'),
('00235', '09:00:00', '19:00:00', '2023-12-07', '00017'),
('00236', '09:00:00', '19:00:00', '2023-12-08', '00017'),
('00237', '09:00:00', '19:00:00', '2023-12-09', '00017'),
('00238', '09:00:00', '19:00:00', '2023-12-10', '00017'),
('00239', '09:00:00', '19:00:00', '2023-12-11', '00017'),
('00240', '09:00:00', '19:00:00', '2023-12-12', '00017'),
('00241', '09:00:00', '19:00:00', '2023-12-13', '00017'),
('00242', '09:00:00', '19:00:00', '2023-12-14', '00017'),
('00243', '09:00:00', '19:00:00', '2023-12-15', '00017'),
('00244', '09:00:00', '19:00:00', '2023-12-16', '00017'),
('00245', '09:00:00', '19:00:00', '2023-12-17', '00017'),
('00246', '09:00:00', '19:00:00', '2023-12-18', '00017'),
('00247', '09:00:00', '19:00:00', '2023-12-19', '00017'),
('00248', '09:00:00', '19:00:00', '2023-12-20', '00017'),
('00249', '09:00:00', '19:00:00', '2023-12-21', '00017'),
('00250', '09:00:00', '19:00:00', '2023-12-22', '00017'),
('00251', '09:00:00', '19:00:00', '2023-12-23', '00017'),
('00252', '09:00:00', '19:00:00', '2023-12-24', '00017'),
('00253', '09:00:00', '19:00:00', '2023-12-25', '00017'),
('00254', '09:00:00', '19:00:00', '2023-12-26', '00017'),
('00255', '09:00:00', '19:00:00', '2023-12-27', '00017'),
('00256', '09:00:00', '19:00:00', '2023-12-28', '00017'),
('00257', '09:00:00', '19:00:00', '2023-12-29', '00017'),
('00258', '09:00:00', '19:00:00', '2023-12-30', '00017'),
('00259', '09:00:00', '19:00:00', '2023-12-31', '00017'),
('00260', '09:00:00', '19:00:00', '2024-01-01', '00017'),
('00261', '09:00:00', '19:00:00', '2024-01-02', '00017'),
('00262', '09:00:00', '19:00:00', '2024-01-03', '00017'),
('00263', '09:00:00', '19:00:00', '2024-01-04', '00017'),
('00264', '09:00:00', '19:00:00', '2024-01-05', '00017'),
('00265', '09:00:00', '19:00:00', '2024-01-06', '00017'),
('00266', '09:00:00', '19:00:00', '2024-01-07', '00017'),
('00267', '09:00:00', '19:00:00', '2024-01-08', '00017'),
('00268', '09:00:00', '19:00:00', '2024-01-09', '00017'),
('00269', '09:00:00', '19:00:00', '2024-01-10', '00017'),
('00270', '09:00:00', '19:00:00', '2024-01-11', '00017')

Insert into Appointment(appointment_id, patient_id, dentist_id, appointment_start_time, appointment_status, appointment_number, appointment_date)
values
('00001', '00018', '00012', '09:00:00', 0, DATEDIFF(MINUTE, '09:00:00', '09:00:00')/30 + 1, '2023-11-28'),
('00002', '00019', '00012', '09:30:00', 0, DATEDIFF(MINUTE, '09:00:00', '09:30:00')/30 + 1, '2023-11-28'),
('00003', '00020', '00012', '10:00:00', 0, DATEDIFF(MINUTE, '09:00:00', '10:00:00')/30 + 1, '2023-11-28'),
('00004', '00021', '00012', '11:30:00', 0, DATEDIFF(MINUTE, '09:00:00', '11:30:00')/30 + 1, '2023-11-28'),
('00005', '00022', '00012', '14:00:00', 0, DATEDIFF(MINUTE, '09:00:00', '14:00:00')/30 + 1, '2023-11-28'),
('00006', '00023', '00012', '15:00:00', 0, DATEDIFF(MINUTE, '09:00:00', '15:00:00')/30 + 1, '2023-11-28'),
('00007', '00024', '00012', '16:00:00', 0, DATEDIFF(MINUTE, '09:00:00', '16:00:00')/30 + 1, '2023-11-28'),
('00008', '00025', '00012', '16:30:00', 0, DATEDIFF(MINUTE, '09:00:00', '16:30:00')/30 + 1, '2023-11-28'),
('00009', '00026', '00012', '18:30:00', 0, DATEDIFF(MINUTE, '09:00:00', '18:30:00')/30 + 1, '2023-11-28'),
('00010', '00027', '00012', '09:00:00', 0, DATEDIFF(MINUTE, '09:00:00', '09:00:00')/30 + 1, '2023-11-29'),
('00011', '00028', '00013', '11:00:00', 0, DATEDIFF(MINUTE, '09:00:00', '11:00:00')/30 + 1, '2023-11-29'),
('00012', '00029', '00013', '12:00:00', 0, DATEDIFF(MINUTE, '09:00:00', '12:00:00')/30 + 1, '2023-11-29'),
('00013', '00030', '00013', '13:00:00', 0, DATEDIFF(MINUTE, '09:00:00', '13:00:00')/30 + 1, '2023-11-29'),
('00014', '00031', '00013', '17:00:00', 0, DATEDIFF(MINUTE, '09:00:00', '17:00:00')/30 + 1, '2023-11-29'),
('00015', '00032', '00013', '17:30:00', 0, DATEDIFF(MINUTE, '09:00:00', '17:30:00')/30 + 1, '2023-11-29'),
('00016', '00018', '00013', '10:00:00', 0, DATEDIFF(MINUTE, '09:00:00', '10:00:00')/30 + 1, '2023-11-30'),
('00017', '00018', '00013', '11:00:00', 0, DATEDIFF(MINUTE, '09:00:00', '11:00:00')/30 + 1, '2023-11-30'),
('00018', '00018', '00014', '09:00:00', 0, DATEDIFF(MINUTE, '09:00:00', '09:00:00')/30 + 1, '2023-11-29'),
('00019', '00019', '00014', '09:30:00', 0, DATEDIFF(MINUTE, '09:00:00', '09:30:00')/30 + 1, '2023-11-29'),
('00020', '00019', '00014', '10:00:00', 0, DATEDIFF(MINUTE, '09:00:00', '10:00:00')/30 + 1, '2023-11-29'),
('00021', '00019', '00014', '11:00:00', 0, DATEDIFF(MINUTE, '09:00:00', '11:00:00')/30 + 1, '2023-11-29'),
('00022', '00020', '00014', '11:30:00', 0, DATEDIFF(MINUTE, '09:00:00', '11:30:00')/30 + 1, '2023-11-29'),
('00023', '00020', '00014', '12:00:00', 0, DATEDIFF(MINUTE, '09:00:00', '12:00:00')/30 + 1, '2023-11-29'),
('00024', '00021', '00015', '09:00:00', 0, DATEDIFF(MINUTE, '09:00:00', '09:00:00')/30 + 1, '2023-11-29'),
('00025', '00021', '00015', '10:30:00', 0, DATEDIFF(MINUTE, '09:00:00', '10:30:00')/30 + 1, '2023-11-29'),
('00026', '00022', '00015', '11:30:00', 0, DATEDIFF(MINUTE, '09:00:00', '11:30:00')/30 + 1, '2023-11-29'),
('00027', '00022', '00015', '09:30:00', 0, DATEDIFF(MINUTE, '09:00:00', '09:30:00')/30 + 1, '2023-11-30'),
('00028', '00023', '00015', '10:30:00', 0, DATEDIFF(MINUTE, '09:00:00', '10:30:00')/30 + 1, '2023-11-30'),
('00029', '00024', '00016', '09:30:00', 0, DATEDIFF(MINUTE, '09:00:00', '09:30:00')/30 + 1, '2023-11-28'),
('00030', '00025', '00016', '12:30:00', 0, DATEDIFF(MINUTE, '09:00:00', '12:30:00')/30 + 1, '2023-11-28'),
('00031', '00026', '00016', '13:30:00', 0, DATEDIFF(MINUTE, '09:00:00', '13:30:00')/30 + 1, '2023-11-29'),
('00032', '00027', '00016', '14:30:00', 0, DATEDIFF(MINUTE, '09:00:00', '14:30:00')/30 + 1, '2023-11-29'),
('00033', '00024', '00016', '15:30:00', 0, DATEDIFF(MINUTE, '09:00:00', '05:30:00')/30 + 1, '2023-11-29'),
('00034', '00025', '00016', '16:30:00', 0, DATEDIFF(MINUTE, '09:00:00', '16:30:00')/30 + 1, '2023-11-29'),
('00035', '00026', '00016', '09:30:00', 0, DATEDIFF(MINUTE, '09:00:00', '09:30:00')/30 + 1, '2023-11-30'),
('00036', '00027', '00016', '10:30:00', 0, DATEDIFF(MINUTE, '09:00:00', '10:30:00')/30 + 1, '2023-11-30'),
('00037', '00028', '00012', '10:30:00', 0, DATEDIFF(MINUTE, '09:00:00', '10:30:00')/30 + 1, '2023-12-01'),
('00038', '00029', '00012', '12:00:00', 0, DATEDIFF(MINUTE, '09:00:00', '12:00:00')/30 + 1, '2023-12-01'),
('00039', '00030', '00012', '14:30:00', 0, DATEDIFF(MINUTE, '09:00:00', '14:30:00')/30 + 1, '2023-12-01'),
('00040', '00031', '00012', '15:00:00', 0, DATEDIFF(MINUTE, '09:00:00', '15:00:00')/30 + 1, '2023-12-01'),
('00041', '00032', '00012', '18:00:00', 0, DATEDIFF(MINUTE, '09:00:00', '18:00:00')/30 + 1, '2023-12-01'),
('00042', '00033', '00013', '09:30:00', 0, DATEDIFF(MINUTE, '09:00:00', '09:30:00')/30 + 1, '2023-12-01'),
('00043', '00034', '00013', '10:30:00', 0, DATEDIFF(MINUTE, '09:00:00', '10:30:00')/30 + 1, '2023-12-01'),
('00044', '00035', '00013', '11:00:00', 0, DATEDIFF(MINUTE, '09:00:00', '11:00:00')/30 + 1, '2023-12-01'),
('00045', '00036', '00013', '12:30:00', 0, DATEDIFF(MINUTE, '09:00:00', '12:30:00')/30 + 1, '2023-12-01'),
('00046', '00018', '00013', '13:30:00', 0, DATEDIFF(MINUTE, '09:00:00', '13:30:00')/30 + 1, '2023-12-01'),
('00047', '00019', '00013', '16:00:00', 0, DATEDIFF(MINUTE, '09:00:00', '16:00:00')/30 + 1, '2023-12-01'),
('00048', '00020', '00013', '16:30:00', 0, DATEDIFF(MINUTE, '09:00:00', '16:30:00')/30 + 1, '2023-12-01')
