USE QLPHONGKHAMNHAKHOA
GO

INSERT INTO Account (account_id, username, password, account_status)
VALUES
--('PA001', 'patient1', '123456', 1),
--('PA002', 'patient2', '123456', 1),
--('PA003', 'patient3', '123456', 1),
--('PA004', 'patient4', '123456', 1),
--('PA005', 'patient5', '123456', 1),
--('AD001', 'admin1', '123456', 1),
--('AD002', 'admin2', '123456', 1),
--('ST001', 'staff1', '123456', 1),
--('ST002', 'staff2', '123456', 1),
--('ST003', 'staff3', '123456', 1),
--('00012', 'dentist1', '123456', 1),
--('00013', 'dentist2', '123456', 1),
--('PA006', 'patient6', '123456', 1),
--('PA007', 'patient7', '123456', 1),
--('PA008', 'patient8', '123456', 1),
--('PA009', 'patient9', '123456', 1),
--('PA010', 'patient10', '123456', 1),
--('AD003', 'admin3', '123456', 1),
--('ST004', 'staff4', '123456', 1),
--('ST005', 'staff5', '123456', 1),
--('00014', 'dentist3', '123456', 1),
--('00015', 'dentist4', '123456', 1),
--('PA011', 'patient11', '123456', 1),
--('PA012', 'patient12', '123456', 1),
--('PA013', 'patient13', '123456', 1),
--('PA014', 'patient14', '123456', 1),
--('PA015', 'patient15', '123456', 1),
--('AD004', 'admin4', '123456', 1),
--('ST006', 'staff6', '123456', 1),
--('ST007', 'staff7', '123456', 1),
--('00016', 'dentist5', '123456', 1),
--('00017', 'dentist6', '123456', 1),
--('PA016', 'patient16', '123456', 1),
--('PA017', 'patient17', '123456', 1),
--('PA018', 'patient18', '123456', 1),
--('PA019', 'patient19', '123456', 1),
--('PA020', 'patient20', '123456', 1);

('00001', 'admin1', '123456', 1),
('00002', 'admin2', '123456', 1),
('00003', 'admin3', '123456', 1),
('00004', 'admin4', '123456', 1),
-- Staffs
('00005', 'staff1', '123456', 1),
('00006', 'staff2', '123456', 1),
('00007', 'staff3', '123456', 1),
('00008', 'staff4', '123456', 1),
('00009', 'staff5', '123456', 1),
('00010', 'staff6', '123456', 1),
('00011', 'staff7', '123456', 1),
-- Dentists
('00012', 'dentist1', '123456', 1),
('00013', 'dentist2', '123456', 1),
('00014', 'dentist3', '123456', 1),
('00015', 'dentist4', '123456', 1),
('00016', 'dentist5', '123456', 1),
('00017', 'dentist6', '123456', 1),
-- Patients
('00018', '0123456789', '123456', 1),
('00019', '0987654321', '123456', 1),
('00020', '0123456780', '123456', 1),
('00021', '0987654320', '123456', 1),
('00022', '0123456779', '123456', 1),
('00023', '0987654319', '123456', 1),
('00024', '0123456778', '123456', 1),
('00025', '0987654318', '123456', 1),
('00026', '0123456777', '123456', 1),
('00027', '0987654317', '123456', 1),
('00028', '0123456776', '123456', 1),
('00029', '0987654316', '123456', 1),
('00030', '0123456775', '123456', 1),
('00031', '0987654315', '123456', 1),
('00032', '0123456774', '123456', 1),
('00033', '0987654314', '123456', 1),
('00034', '0123456773', '123456', 1),
('00035', '0987654313', '123456', 1),
('00036', '0123456772', '123456', 1),
('00037', '0987654312', '123456', 1);


INSERT INTO Person (person_id, person_name, person_phone, person_birthday, person_address, person_gender, person_type, account_id)
Values 
('00012', N'Nguyễn Văn An', '0123456789', '1980-10-01', N'Số 12, Phố Lê Văn Lương, Hà Nội', N'Nam', 'DE', '00012'),
('00013', N'Trần Thị Bích', '0223456789', '1982-05-06', N'Số 15, Phố Nguyễn Trãi, Hà Nội', N'Nữ', 'DE', '00013'),
('00014', N'Lê Văn Cường',  '0123456789','1979-12-24', N'Số 20, Phố Trần Quang Khải, Hà Nội', N'Nam', 'DE', '00014'),
('00015', N'Đỗ Thị Dũng', '0123456788', '1981-03-18', N'Số 25, Phố Hai Bà Trưng, Hà Nội', N'Nữ', 'DE', '00015'),
('00016', N'Nguyễn Văn Duy', '0123456787','1983-09-11', N'Số 30, Phố Bà Triệu, Hà Nội', N'Nam', 'DE', '00016'),
('00017', N'Trần Thị Hương', '0123456786', '1984-07-04', N'Số 35, Phố Phan Đình Phùng, Hà Nội', N'Nữ', 'DE', '00017'),
('00001', N'Nguyễn Văn Bình', '0123456785', '1985-01-22', N'Số 40, Phố Bà Triệu, Hà Nội', N'Nam', 'AD', '00001'),
('00002', N'Trần Thị Hoa', '0123456784', '1986-08-15', N'Số 45, Phố Phan Đình Phùng, Hà Nội', N'Nữ', 'AD', '00002'),
('00003', N'Lê Văn Long', '0123456783', '1987-04-09', N'Số 50, Phố Hai Bà Trưng, Hà Nội', N'Nam', 'AD', '00003'),
('00004', N'Đỗ Thị Mây', '0123456782', '1988-10-03', N'Số 55, Phố Nguyễn Trãi, Hà Nội', N'Nữ', 'AD', '00004'),
('00005', N'Nguyễn Văn Năm', '0123456781', '1989-06-17', N'Số 60, Phố Lê Văn Lương, Hà Nội', N'Nam', 'ST', '00005'),
('00006', N'Trần Thị Oanh', '0123456780', '1990-02-12', N'Số 65, Phố Trần Quang Khải, Hà Nội', N'Nữ', 'ST', '00006'),
('00007', N'Lê Văn Phúc', '0123456719', '1991-09-07', N'Số 70, Phố Hai Bà Trưng, Hà Nội', N'Nam', 'ST', '00007'),
('00008', N'Đỗ Thị Quỳnh', '0123456729', '1992-05-21', N'Số 75, Phố Bà Triệu, Hà Nội', N'Nữ', 'ST', '00008'),
('00009', N'Nguyễn Văn Sỹ', '0123456739', '1993-11-14', N'Số 80, Phố Phan Đình Phùng, Hà Nội', N'Nam', 'ST', '00009'),
('00010', N'Trần Thị Thảo', '0123456749', '1994-07-09', N'Số 85, Phố Nguyễn Trãi, Hà Nội', N'Nữ', 'ST', '00010'),
('00011', N'Lê Văn Tùng', '0123456759', '1995-03-23', N'Số 90, Phố Lê Văn Lương, Hà Nội', N'Nam', 'ST', '00011'),
('00018', N'Nguyễn Văn Nam', '0123456789', '1990-06-16', N'Số 60, Phố Lê Văn Lương, Hà Nội', N'Nam', 'PA', '00018'),
('00019', N'Trần Thị Phượng', '0987654321', '1991-12-21', N'Số 65, Phố Nguyễn Trãi, Hà Nội', N'Nữ', 'PA', '00019'),
('00020', N'Lê Văn Quốc', '0123456780', '1992-08-07', N'Số 70, Phố Trần Quang Khải, Hà Nội', N'Nam', 'PA', '00020'),
('00021', N'Đỗ Thị Thúy', '0987654320', '1993-04-11', N'Số 75, Phố Hai Bà Trưng, Hà Nội', N'Nữ', 'PA', '00021'),
('00022', N'Nguyễn Văn Trường', '0123456779', '1994-10-05', N'Số 80, Phố Bà Triệu, Hà Nội', N'Nam', 'PA', '00022'),
('00023', N'Trần Thị Vân', '0987654319', '1995-05-29', N'Số 85, Phố Phan Đình Phùng, Hà Nội', N'Nữ', 'PA', '00023'),
('00024', N'Lê Văn An', '0123456778', '1996-11-23', N'Số 90, Phố Lê Văn Lương, Hà Nội', N'Nam', 'PA', '00024'),
('00025', N'Đỗ Thị Bích', '0987654318', '1997-07-17', N'Số 95, Phố Nguyễn Trãi, Hà Nội', N'Nữ', 'PA', '00025'),
('00026', N'Nguyễn Văn Cường', '0123456777', '1998-03-13', N'Số 100, Phố Trần Quang Khải, Hà Nội', N'Nam', 'PA', '00026'),
('00027', N'Trần Thị Dũng', '0987654317', '1999-09-07', N'Số 105, Phố Hai Bà Trưng, Hà Nội', N'Nữ', 'PA', '00027'),
('00028', N'Nguyễn Văn Duy', '0123456776', '2000-05-02', N'Số 110, Phố Bà Triệu, Hà Nội', N'Nam', 'PA', '00028'),
('00029', N'Trần Thị Hương', '0987654316', '2001-10-26', N'Số 115, Phố Phan Đình Phùng, Hà Nội', N'Nữ', 'PA', '00029'),
('00030', N'Lê Văn Bình', '0123456775', '2002-06-20', N'Số 120, Phố Lê Văn Lương, Hà Nội', N'Nam', 'PA', '00030'),
('00031', N'Đỗ Thị Hoa', '0987654315', '2003-12-15', N'Số 125, Phố Nguyễn Trãi, Hà Nội', N'Nữ', 'PA', '00031'),
('00032', N'Nguyễn Văn Long', '0123456774', '2004-08-09', N'Số 130, Phố Trần Quang Khải, Hà Nội', N'Nam', 'PA', '00032'),
('00033', N'Nguyễn Văn Nam', '0987654314', '1990-06-12', N'Số 60, Phố Lê Văn Lương, Hà Nội', N'Nam', 'PA', '00033'),
('00034', N'Trần Thị Oanh', '0123456773', '1991-12-20', N'Số 65, Phố Nguyễn Trãi, Hà Nội', N'Nữ', 'PA', '00034'),
('00035', N'Lê Văn Phong', '0987654313', '1992-08-14', N'Số 70, Phố Trần Quang Khải, Hà Nội', N'Nam', 'PA', '00035'),
('00036', N'Đỗ Thị Quỳnh', '0123456772', '1993-03-07', N'Số 75, Phố Hai Bà Trưng, Hà Nội', N'Nữ', 'PA', '00036'),
('00037', N'Nguyễn Văn Sơn', '0987654312', '1994-09-29', N'Số 80, Phố Bà Triệu, Hà Nội', N'Nam', 'PA', '00037');

INSERT INTO Patient (patient_id)
VALUES
    ('00018'),
    ('00019'),
    ('00020'),
    ('00021'),
    ('00022'),
    ('00023'),
    ('00024'),
    ('00025'),
    ('00026'),
    ('00027'),
    ('00028'),
    ('00029'),
    ('00030'),
    ('00031'),
    ('00032'),
    ('00033'),
    ('00034'),
    ('00035'),
    ('00036'),
    ('00037');

INSERT INTO Dentist (dentist_id)
VALUES
('00012'),
('00013'),
('00014'),
('00015'),
('00016'),
('00017');

INSERT INTO Drug (drug_id, unit, drug_name, indication, expiration_date, price, drug_stock_quantity)
VALUES
('DR001', N'viên', N'Paracetamol', N'Giảm đau, hạ sốt', '2024-07-20', 10000, 100),
('DR002', N'viên', N'Ibuprofen', N'Giảm đau, viêm', '2024-08-20', 20000, 200),
('DR003', N'viên', N'Amoxicillin', N'Điều trị nhiễm trùng răng miệng', '2024-09-20', 30000, 300),
('DR004', N'viên', N'Metronidazole', N'Điều trị nhiễm trùng răng miệng do vi khuẩn kỵ khí', '2024-10-20', 40000, 400),
('DR005', N'viên', N'Fluconazole', N'Điều trị nhiễm trùng răng miệng do nấm', '2024-11-20', 50000, 500),
('DR006', N'ml', N'Benzocaine', N'Gây tê tại chỗ', '2024-12-20', 60000, 600),
('DR007', N'ml', N'Lidocain', N'Gây tê tại chỗ', '2025-01-20', 70000, 700),
('DR008', N'ml', N'Xylocain', N'Gây tê tại chỗ', '2025-02-20', 80000, 800),
('DR009', N'ml', N'Hyaluronic Acid', N'Dưỡng ẩm nướu răng', '2025-03-20', 90000, 900),
('DR010', N'ml', N'Fluoride', N'Chống sâu răng', '2025-04-20', 100000, 1000),
('DR011', N'ml', N'Canxi', N'Củng cố men răng', '2025-05-20', 110000, 1100),
('DR012', N'ml', N'Vitamin D3', N'Hỗ trợ hấp thụ canxi', '2025-06-20', 120000, 1200),
('DR013', N'viên', N'Thuốc xịt chống sâu răng', N'Chống sâu răng', '2025-07-20', 130000, 1300),
('DR014', N'viên', N'Thuốc súc miệng', N'Vệ sinh răng miệng', '2025-08-20', 140000, 1400),
('DR015', N'viên', N'Thuốc đánh răng', N'Vệ sinh răng miệng', '2025-09-20', 150000, 1500),
('DR016', N'viên', N'Dây thun nha khoa', N'Loại bỏ mảng bám', '2025-10-20', 160000, 1600);


INSERT INTO Service (service_id, service_name, cost)
VALUES
('SV001', N'Khám răng tổng quát', 100000),
('SV002', N'Lấy cao răng', 50000),
('SV003', N'Điều trị tủy răng', 200000),
('SV004', N'Nhổ răng', 100000),
('SV005', N'Gắn cầu răng sứ', 5000000),
('SV006', N'Bọc răng sứ', 2000000),
('SV007', N'Veneer răng sứ', 1000000),
('SV008', N'Tẩy trắng răng', 500000),
('SV009', N'Niềng răng mắc cài kim loại', 20000000),
('SV010', N'Niềng răng mắc cài sứ', 30000000),
('SV011', N'Niềng răng trong suốt', 40000000),
('SV012', N'Trồng răng implant', 10000000),
('SV013', N'Chỉnh nha trẻ em', 15000000),
('SV014', N'Chăm sóc răng miệng định kỳ', 50000),
('SV015', N'X-quang răng', 100000),
('SV016', N'Chụp phim răng kỹ thuật số', 200000),
('SV017', N'Chụp phim CT Cone Beam', 1000000),
('SV018', N'Làm răng giả tháo lắp', 1000000),
('SV019', N'Làm răng giả cố định', 2000000);

INSERT INTO PersonalAppointment(personal_appointment_id, personal_appointment_start_time, personal_appointment_end_time, personal_appointment_date, dentist_id)
VALUES
('PA001', '09:00:00', '19:00:00', '2023-11-28', '00012'),
('PA002', '09:00:00', '19:00:00', '2023-11-29', '00012'),
('PA003', '09:00:00', '19:00:00', '2023-11-30', '00012'),
('PA004', '09:00:00', '19:00:00', '2023-12-01', '00012'),
('PA005', '09:00:00', '19:00:00', '2023-12-02', '00012'),
('PA006', '09:00:00', '19:00:00', '2023-12-03', '00012'),
('PA007', '09:00:00', '19:00:00', '2023-12-04', '00012'),
('PA008', '09:00:00', '19:00:00', '2023-12-05', '00012'),
('PA009', '09:00:00', '19:00:00', '2023-12-06', '00012'),
('PA010', '09:00:00', '19:00:00', '2023-12-07', '00012'),
('PA011', '09:00:00', '19:00:00', '2023-12-08', '00012'),
('PA012', '09:00:00', '19:00:00', '2023-12-09', '00012'),
('PA013', '09:00:00', '19:00:00', '2023-12-10', '00012'),
('PA014', '09:00:00', '19:00:00', '2023-12-11', '00012'),
('PA015', '09:00:00', '19:00:00', '2023-12-12', '00012'),
('PA016', '09:00:00', '19:00:00', '2023-12-13', '00012'),
('PA017', '09:00:00', '19:00:00', '2023-12-14', '00012'),
('PA018', '09:00:00', '19:00:00', '2023-12-15', '00012'),
('PA019', '09:00:00', '19:00:00', '2023-12-16', '00012'),
('PA020', '09:00:00', '19:00:00', '2023-12-17', '00012'),
('PA021', '09:00:00', '19:00:00', '2023-12-18', '00012'),
('PA022', '09:00:00', '19:00:00', '2023-12-19', '00012'),
('PA023', '09:00:00', '19:00:00', '2023-12-20', '00012'),
('PA024', '09:00:00', '19:00:00', '2023-12-21', '00012'),
('PA025', '09:00:00', '19:00:00', '2023-12-22', '00012'),
('PA026', '09:00:00', '19:00:00', '2023-12-23', '00012'),
('PA027', '09:00:00', '19:00:00', '2023-12-24', '00012'),
('PA028', '09:00:00', '19:00:00', '2023-12-25', '00012'),
('PA029', '09:00:00', '19:00:00', '2023-12-26', '00012'),
('PA030', '09:00:00', '19:00:00', '2023-12-27', '00012'),
('PA031', '09:00:00', '19:00:00', '2023-12-28', '00012'),
('PA032', '09:00:00', '19:00:00', '2023-12-29', '00012'),
('PA033', '09:00:00', '19:00:00', '2023-12-30', '00012'),
('PA034', '09:00:00', '19:00:00', '2023-12-31', '00012'),
('PA035', '09:00:00', '19:00:00', '2024-01-01', '00012'),
('PA036', '09:00:00', '19:00:00', '2024-01-02', '00012'),
('PA037', '09:00:00', '19:00:00', '2024-01-03', '00012'),
('PA038', '09:00:00', '19:00:00', '2024-01-04', '00012'),
('PA039', '09:00:00', '19:00:00', '2024-01-05', '00012'),
('PA040', '09:00:00', '19:00:00', '2024-01-06', '00012'),
('PA041', '09:00:00', '19:00:00', '2024-01-07', '00012'),
('PA042', '09:00:00', '19:00:00', '2024-01-08', '00012'),
('PA043', '09:00:00', '19:00:00', '2024-01-09', '00012'),
('PA044', '09:00:00', '19:00:00', '2024-01-10', '00012'),
('PA045', '09:00:00', '19:00:00', '2024-01-11', '00012'),
('PA046', '09:00:00', '19:00:00', '2023-11-28', '00013'),
('PA047', '09:00:00', '19:00:00', '2023-11-29', '00013'),
('PA048', '09:00:00', '19:00:00', '2023-11-30', '00013'),
('PA049', '09:00:00', '19:00:00', '2023-12-01', '00013'),
('PA050', '09:00:00', '19:00:00', '2023-12-02', '00013'),
('PA051', '09:00:00', '19:00:00', '2023-12-03', '00013'),
('PA052', '09:00:00', '19:00:00', '2023-12-04', '00013'),
('PA053', '09:00:00', '19:00:00', '2023-12-05', '00013'),
('PA054', '09:00:00', '19:00:00', '2023-12-06', '00013'),
('PA055', '09:00:00', '19:00:00', '2023-12-07', '00013'),
('PA056', '09:00:00', '19:00:00', '2023-12-08', '00013'),
('PA057', '09:00:00', '19:00:00', '2023-12-09', '00013'),
('PA058', '09:00:00', '19:00:00', '2023-12-10', '00013'),
('PA059', '09:00:00', '19:00:00', '2023-12-11', '00013'),
('PA060', '09:00:00', '19:00:00', '2023-12-12', '00013'),
('PA061', '09:00:00', '19:00:00', '2023-12-13', '00013'),
('PA062', '09:00:00', '19:00:00', '2023-12-14', '00013'),
('PA063', '09:00:00', '19:00:00', '2023-12-15', '00013'),
('PA064', '09:00:00', '19:00:00', '2023-12-16', '00013'),
('PA065', '09:00:00', '19:00:00', '2023-12-17', '00013'),
('PA066', '09:00:00', '19:00:00', '2023-12-18', '00013'),
('PA067', '09:00:00', '19:00:00', '2023-12-19', '00013'),
('PA068', '09:00:00', '19:00:00', '2023-12-20', '00013'),
('PA069', '09:00:00', '19:00:00', '2023-12-21', '00013'),
('PA070', '09:00:00', '19:00:00', '2023-12-22', '00013'),
('PA071', '09:00:00', '19:00:00', '2023-12-23', '00013'),
('PA072', '09:00:00', '19:00:00', '2023-12-24', '00013'),
('PA073', '09:00:00', '19:00:00', '2023-12-25', '00013'),
('PA074', '09:00:00', '19:00:00', '2023-12-26', '00013'),
('PA075', '09:00:00', '19:00:00', '2023-12-27', '00013'),
('PA076', '09:00:00', '19:00:00', '2023-12-28', '00013'),
('PA077', '09:00:00', '19:00:00', '2023-12-29', '00013'),
('PA078', '09:00:00', '19:00:00', '2023-12-30', '00013'),
('PA079', '09:00:00', '19:00:00', '2023-12-31', '00013'),
('PA080', '09:00:00', '19:00:00', '2024-01-01', '00013'),
('PA081', '09:00:00', '19:00:00', '2024-01-02', '00013'),
('PA082', '09:00:00', '19:00:00', '2024-01-03', '00013'),
('PA083', '09:00:00', '19:00:00', '2024-01-04', '00013'),
('PA084', '09:00:00', '19:00:00', '2024-01-05', '00013'),
('PA085', '09:00:00', '19:00:00', '2024-01-06', '00013'),
('PA086', '09:00:00', '19:00:00', '2024-01-07', '00013'),
('PA087', '09:00:00', '19:00:00', '2024-01-08', '00013'),
('PA088', '09:00:00', '19:00:00', '2024-01-09', '00013'),
('PA089', '09:00:00', '19:00:00', '2024-01-10', '00013'),
('PA090', '09:00:00', '19:00:00', '2024-01-11', '00013'),
('PA091', '09:00:00', '19:00:00', '2023-11-28', '00014'),
('PA092', '09:00:00', '19:00:00', '2023-11-29', '00014'),
('PA093', '09:00:00', '19:00:00', '2023-11-30', '00014'),
('PA094', '09:00:00', '19:00:00', '2023-12-01', '00014'),
('PA095', '09:00:00', '19:00:00', '2023-12-02', '00014'),
('PA096', '09:00:00', '19:00:00', '2023-12-03', '00014'),
('PA097', '09:00:00', '19:00:00', '2023-12-04', '00014'),
('PA098', '09:00:00', '19:00:00', '2023-12-05', '00014'),
('PA099', '09:00:00', '19:00:00', '2023-12-06', '00014'),
('PA100', '09:00:00', '19:00:00', '2023-12-07', '00014'),
('PA101', '09:00:00', '19:00:00', '2023-12-08', '00014'),
('PA102', '09:00:00', '19:00:00', '2023-12-09', '00014'),
('PA103', '09:00:00', '19:00:00', '2023-12-10', '00014'),
('PA104', '09:00:00', '19:00:00', '2023-12-11', '00014'),
('PA105', '09:00:00', '19:00:00', '2023-12-12', '00014'),
('PA106', '09:00:00', '19:00:00', '2023-12-13', '00014'),
('PA107', '09:00:00', '19:00:00', '2023-12-14', '00014'),
('PA108', '09:00:00', '19:00:00', '2023-12-15', '00014'),
('PA109', '09:00:00', '19:00:00', '2023-12-16', '00014'),
('PA110', '09:00:00', '19:00:00', '2023-12-17', '00014'),
('PA111', '09:00:00', '19:00:00', '2023-12-18', '00014'),
('PA112', '09:00:00', '19:00:00', '2023-12-19', '00014'),
('PA113', '09:00:00', '19:00:00', '2023-12-20', '00014'),
('PA114', '09:00:00', '19:00:00', '2023-12-21', '00014'),
('PA115', '09:00:00', '19:00:00', '2023-12-22', '00014'),
('PA116', '09:00:00', '19:00:00', '2023-12-23', '00014'),
('PA117', '09:00:00', '19:00:00', '2023-12-24', '00014'),
('PA118', '09:00:00', '19:00:00', '2023-12-25', '00014'),
('PA119', '09:00:00', '19:00:00', '2023-12-26', '00014'),
('PA120', '09:00:00', '19:00:00', '2023-12-27', '00014'),
('PA121', '09:00:00', '19:00:00', '2023-12-28', '00014'),
('PA122', '09:00:00', '19:00:00', '2023-12-29', '00014'),
('PA123', '09:00:00', '19:00:00', '2023-12-30', '00014'),
('PA124', '09:00:00', '19:00:00', '2023-12-31', '00014'),
('PA125', '09:00:00', '19:00:00', '2024-01-01', '00014'),
('PA126', '09:00:00', '19:00:00', '2024-01-02', '00014'),
('PA127', '09:00:00', '19:00:00', '2024-01-03', '00014'),
('PA128', '09:00:00', '19:00:00', '2024-01-04', '00014'),
('PA129', '09:00:00', '19:00:00', '2024-01-05', '00014'),
('PA130', '09:00:00', '19:00:00', '2024-01-06', '00014'),
('PA131', '09:00:00', '19:00:00', '2024-01-07', '00014'),
('PA132', '09:00:00', '19:00:00', '2024-01-08', '00014'),
('PA133', '09:00:00', '19:00:00', '2024-01-09', '00014'),
('PA134', '09:00:00', '19:00:00', '2024-01-10', '00014'),
('PA135', '09:00:00', '19:00:00', '2024-01-11', '00014'),
('PA136', '09:00:00', '19:00:00', '2023-11-28', '00015'),
('PA137', '09:00:00', '19:00:00', '2023-11-29', '00015'),
('PA138', '09:00:00', '19:00:00', '2023-11-30', '00015'),
('PA139', '09:00:00', '19:00:00', '2023-12-01', '00015'),
('PA140', '09:00:00', '19:00:00', '2023-12-02', '00015'),
('PA141', '09:00:00', '19:00:00', '2023-12-03', '00015'),
('PA142', '09:00:00', '19:00:00', '2023-12-04', '00015'),
('PA143', '09:00:00', '19:00:00', '2023-12-05', '00015'),
('PA144', '09:00:00', '19:00:00', '2023-12-06', '00015'),
('PA145', '09:00:00', '19:00:00', '2023-12-07', '00015'),
('PA146', '09:00:00', '19:00:00', '2023-12-08', '00015'),
('PA147', '09:00:00', '19:00:00', '2023-12-09', '00015'),
('PA148', '09:00:00', '19:00:00', '2023-12-10', '00015'),
('PA149', '09:00:00', '19:00:00', '2023-12-11', '00015'),
('PA150', '09:00:00', '19:00:00', '2023-12-12', '00015'),
('PA151', '09:00:00', '19:00:00', '2023-12-13', '00015'),
('PA152', '09:00:00', '19:00:00', '2023-12-14', '00015'),
('PA153', '09:00:00', '19:00:00', '2023-12-15', '00015'),
('PA154', '09:00:00', '19:00:00', '2023-12-16', '00015'),
('PA155', '09:00:00', '19:00:00', '2023-12-17', '00015'),
('PA156', '09:00:00', '19:00:00', '2023-12-18', '00015'),
('PA157', '09:00:00', '19:00:00', '2023-12-19', '00015'),
('PA158', '09:00:00', '19:00:00', '2023-12-20', '00015'),
('PA159', '09:00:00', '19:00:00', '2023-12-21', '00015'),
('PA160', '09:00:00', '19:00:00', '2023-12-22', '00015'),
('PA161', '09:00:00', '19:00:00', '2023-12-23', '00015'),
('PA162', '09:00:00', '19:00:00', '2023-12-24', '00015'),
('PA163', '09:00:00', '19:00:00', '2023-12-25', '00015'),
('PA164', '09:00:00', '19:00:00', '2023-12-26', '00015'),
('PA165', '09:00:00', '19:00:00', '2023-12-27', '00015'),
('PA166', '09:00:00', '19:00:00', '2023-12-28', '00015'),
('PA167', '09:00:00', '19:00:00', '2023-12-29', '00015'),
('PA168', '09:00:00', '19:00:00', '2023-12-30', '00015'),
('PA169', '09:00:00', '19:00:00', '2023-12-31', '00015'),
('PA170', '09:00:00', '19:00:00', '2024-01-01', '00015'),
('PA171', '09:00:00', '19:00:00', '2024-01-02', '00015'),
('PA172', '09:00:00', '19:00:00', '2024-01-03', '00015'),
('PA173', '09:00:00', '19:00:00', '2024-01-04', '00015'),
('PA174', '09:00:00', '19:00:00', '2024-01-05', '00015'),
('PA175', '09:00:00', '19:00:00', '2024-01-06', '00015'),
('PA176', '09:00:00', '19:00:00', '2024-01-07', '00015'),
('PA177', '09:00:00', '19:00:00', '2024-01-08', '00015'),
('PA178', '09:00:00', '19:00:00', '2024-01-09', '00015'),
('PA179', '09:00:00', '19:00:00', '2024-01-10', '00015'),
('PA180', '09:00:00', '19:00:00', '2024-01-11', '00015'),
('PA181', '09:00:00', '19:00:00', '2023-11-28', '00016'),
('PA182', '09:00:00', '19:00:00', '2023-11-29', '00016'),
('PA183', '09:00:00', '19:00:00', '2023-11-30', '00016'),
('PA184', '09:00:00', '19:00:00', '2023-12-01', '00016'),
('PA185', '09:00:00', '19:00:00', '2023-12-02', '00016'),
('PA186', '09:00:00', '19:00:00', '2023-12-03', '00016'),
('PA187', '09:00:00', '19:00:00', '2023-12-04', '00016'),
('PA188', '09:00:00', '19:00:00', '2023-12-05', '00016'),
('PA189', '09:00:00', '19:00:00', '2023-12-06', '00016'),
('PA190', '09:00:00', '19:00:00', '2023-12-07', '00016'),
('PA191', '09:00:00', '19:00:00', '2023-12-08', '00016'),
('PA192', '09:00:00', '19:00:00', '2023-12-09', '00016'),
('PA193', '09:00:00', '19:00:00', '2023-12-10', '00016'),
('PA194', '09:00:00', '19:00:00', '2023-12-11', '00016'),
('PA195', '09:00:00', '19:00:00', '2023-12-12', '00016'),
('PA196', '09:00:00', '19:00:00', '2023-12-13', '00016'),
('PA197', '09:00:00', '19:00:00', '2023-12-14', '00016'),
('PA198', '09:00:00', '19:00:00', '2023-12-15', '00016'),
('PA199', '09:00:00', '19:00:00', '2023-12-16', '00016'),
('PA200', '09:00:00', '19:00:00', '2023-12-17', '00016'),
('PA201', '09:00:00', '19:00:00', '2023-12-18', '00016'),
('PA202', '09:00:00', '19:00:00', '2023-12-19', '00016'),
('PA203', '09:00:00', '19:00:00', '2023-12-20', '00016'),
('PA204', '09:00:00', '19:00:00', '2023-12-21', '00016'),
('PA205', '09:00:00', '19:00:00', '2023-12-22', '00016'),
('PA206', '09:00:00', '19:00:00', '2023-12-23', '00016'),
('PA207', '09:00:00', '19:00:00', '2023-12-24', '00016'),
('PA208', '09:00:00', '19:00:00', '2023-12-25', '00016'),
('PA209', '09:00:00', '19:00:00', '2023-12-26', '00016'),
('PA210', '09:00:00', '19:00:00', '2023-12-27', '00016'),
('PA211', '09:00:00', '19:00:00', '2023-12-28', '00016'),
('PA212', '09:00:00', '19:00:00', '2023-12-29', '00016'),
('PA213', '09:00:00', '19:00:00', '2023-12-30', '00016'),
('PA214', '09:00:00', '19:00:00', '2023-12-31', '00016'),
('PA215', '09:00:00', '19:00:00', '2024-01-01', '00016'),
('PA216', '09:00:00', '19:00:00', '2024-01-02', '00016'),
('PA217', '09:00:00', '19:00:00', '2024-01-03', '00016'),
('PA218', '09:00:00', '19:00:00', '2024-01-04', '00016'),
('PA219', '09:00:00', '19:00:00', '2024-01-05', '00016'),
('PA220', '09:00:00', '19:00:00', '2024-01-06', '00016'),
('PA221', '09:00:00', '19:00:00', '2024-01-07', '00016'),
('PA222', '09:00:00', '19:00:00', '2024-01-08', '00016'),
('PA223', '09:00:00', '19:00:00', '2024-01-09', '00016'),
('PA224', '09:00:00', '19:00:00', '2024-01-10', '00016'),
('PA225', '09:00:00', '19:00:00', '2024-01-11', '00016'),
('PA226', '09:00:00', '19:00:00', '2023-11-28', '00017'),
('PA227', '09:00:00', '19:00:00', '2023-11-29', '00017'),
('PA228', '09:00:00', '19:00:00', '2023-11-30', '00017'),
('PA229', '09:00:00', '19:00:00', '2023-12-01', '00017'),
('PA230', '09:00:00', '19:00:00', '2023-12-02', '00017'),
('PA231', '09:00:00', '19:00:00', '2023-12-03', '00017'),
('PA232', '09:00:00', '19:00:00', '2023-12-04', '00017'),
('PA233', '09:00:00', '19:00:00', '2023-12-05', '00017'),
('PA234', '09:00:00', '19:00:00', '2023-12-06', '00017'),
('PA235', '09:00:00', '19:00:00', '2023-12-07', '00017'),
('PA236', '09:00:00', '19:00:00', '2023-12-08', '00017'),
('PA237', '09:00:00', '19:00:00', '2023-12-09', '00017'),
('PA238', '09:00:00', '19:00:00', '2023-12-10', '00017'),
('PA239', '09:00:00', '19:00:00', '2023-12-11', '00017'),
('PA240', '09:00:00', '19:00:00', '2023-12-12', '00017'),
('PA241', '09:00:00', '19:00:00', '2023-12-13', '00017'),
('PA242', '09:00:00', '19:00:00', '2023-12-14', '00017'),
('PA243', '09:00:00', '19:00:00', '2023-12-15', '00017'),
('PA244', '09:00:00', '19:00:00', '2023-12-16', '00017'),
('PA245', '09:00:00', '19:00:00', '2023-12-17', '00017'),
('PA246', '09:00:00', '19:00:00', '2023-12-18', '00017'),
('PA247', '09:00:00', '19:00:00', '2023-12-19', '00017'),
('PA248', '09:00:00', '19:00:00', '2023-12-20', '00017'),
('PA249', '09:00:00', '19:00:00', '2023-12-21', '00017'),
('PA250', '09:00:00', '19:00:00', '2023-12-22', '00017'),
('PA251', '09:00:00', '19:00:00', '2023-12-23', '00017'),
('PA252', '09:00:00', '19:00:00', '2023-12-24', '00017'),
('PA253', '09:00:00', '19:00:00', '2023-12-25', '00017'),
('PA254', '09:00:00', '19:00:00', '2023-12-26', '00017'),
('PA255', '09:00:00', '19:00:00', '2023-12-27', '00017'),
('PA256', '09:00:00', '19:00:00', '2023-12-28', '00017'),
('PA257', '09:00:00', '19:00:00', '2023-12-29', '00017'),
('PA258', '09:00:00', '19:00:00', '2023-12-30', '00017'),
('PA259', '09:00:00', '19:00:00', '2023-12-31', '00017'),
('PA260', '09:00:00', '19:00:00', '2024-01-01', '00017'),
('PA261', '09:00:00', '19:00:00', '2024-01-02', '00017'),
('PA262', '09:00:00', '19:00:00', '2024-01-03', '00017'),
('PA263', '09:00:00', '19:00:00', '2024-01-04', '00017'),
('PA264', '09:00:00', '19:00:00', '2024-01-05', '00017'),
('PA265', '09:00:00', '19:00:00', '2024-01-06', '00017'),
('PA266', '09:00:00', '19:00:00', '2024-01-07', '00017'),
('PA267', '09:00:00', '19:00:00', '2024-01-08', '00017'),
('PA268', '09:00:00', '19:00:00', '2024-01-09', '00017'),
('PA269', '09:00:00', '19:00:00', '2024-01-10', '00017'),
('PA270', '09:00:00', '19:00:00', '2024-01-11', '00017');


	--patient_id char(5),
	--dentist_id char(5),
	--appointment_id char(5),
	--appointment_start_time time NOT NULL,
	--appointment_status bit NOT NULL,
	--appointment_number int NOT NULL,
	--appointment_date date
--Insert into Appointment(patient_id, dentist_id , appointment_id, appointment_start_time, appointment_status, appointment_number, appointment_date)
--values
--('00018', '00012')